Space Color,Best_Overlap,Best_Channel
hed,0.23878308175465054,Channel_2
yiq,0.3874433500686203,Channel_3
lab,0.694155789351202,Channel_2
ycbcr,2.061832302125735,Channel_3
ypbpr,2.0620294443175813,Channel_3
yuv,2.062039395274573,Channel_3
ydbdr,2.063158069098577,Channel_3
rgb,8.340333659232071,Channel_1
rgbcie,14.350257463238101,Channel_1
hsv,18.144959971806063,Channel_2
xyz,40.2654419928893,Channel_2
